65001,adult,Walden,2019,6,25,19.99
65002,adult,Walden,2019,6,25,19.99
65003,adult,Walden,2019,6,25,19.99
65004,adult,Walden,2019,6,26,19.99
65005,adult,Walden,2019,6,26,19.99
65006,adult,Walden,2019,6,26,19.99
65007,adult,Walden,2019,6,26,19.99
65008,adult,Walden,2019,6,27,19.99
65009,adult,Walden,2019,6,27,19.99
65010,adult,Walden,2019,6,27,19.99
65011,child,Walden,2019,6,25,12.99
65012,child,Walden,2019,6,25,12.99
65013,child,Walden,2019,6,25,12.99
65014,child,Walden,2019,6,25,12.99
65015,child,Walden,2019,6,25,12.99
65016,child,Walden,2019,6,25,12.99
65017,child,Walden,2019,6,26,12.99
65018,child,Walden,2019,6,26,12.99
65019,child,Walden,2019,6,26,12.99
65020,child,Walden,2019,6,26,12.99
65021,child,Walden,2019,6,26,12.99
65022,child,Walden,2019,6,26,12.99
65023,child,Walden,2019,6,26,12.99
65024,child,Walden,2019,6,26,12.99
65025,child,Walden,2019,6,26,12.99
65026,child,Walden,2019,6,27,12.99
65027,child,Walden,2019,6,27,12.99
65028,child,Walden,2019,6,27,12.99
65029,child,Walden,2019,6,27,12.99
65030,child,Walden,2019,6,27,12.99
65031,senior,Walden,2019,6,25,10.99
65032,senior,Walden,2019,6,25,10.99
65033,senior,Walden,2019,6,25,10.99
65034,senior,Walden,2019,6,26,10.99
65035,senior,Walden,2019,6,26,10.99
65036,senior,Walden,2019,6,26,10.99
65037,senior,Walden,2019,6,26,10.99
65038,senior,Walden,2019,6,27,10.99
65039,senior,Walden,2019,6,27,10.99
65040,senior,Walden,2019,6,27,10.99
